{"stat.useItem.minecraft.bow":24,"stat.pickup.minecraft.wooden_slab":283,"stat.leaveGame":27,"stat.pickup.betteranimalsplus.crab_meat_raw":10,"stat.useItem.minecraft.glowstone":35,"stat.drop.minecraft.iron_sword":2,"stat.pickup.minecraft.rotten_flesh":127,"stat.craftItem.minecraft.stone_axe":4,"stat.pickup.minecraft.bucket":5,"stat.killEntity.Enderman":4,"stat.mineBlock.minecraft.wooden_slab":12,"stat.pickup.betteranimalsplus.turkey_leg_raw":5,"stat.pickup.minecraft.brown_mushroom":3,"stat.killEntity.Witch":2,"stat.drop.minecraft.sand":2,"stat.craftItem.galacticraftcore.steel_pole":2,"stat.useItem.minecraft.iron_pickaxe":2361,"stat.craftItem.minecraft.wooden_pickaxe":1,"stat.useItem.minecraft.iron_shovel":3160,"stat.pickup.minecraft.double_plant":15,"stat.useItem.betteranimalsplus.crab_meat_cooked":2,"stat.craftItem.minecraft.bed":2,"stat.craftItem.minecraft.glass_pane":356,"stat.pickup.minecraft.wooden_shovel":12,"stat.furnaceInteraction":385,"stat.useItem.minecraft.golden_carrot":18,"stat.killEntity.ZombieVillager":4,"stat.pickup.minecraft.nether_brick":12,"stat.pickup.minecraft.beef":310,"stat.pickup.minecraft.potion":1,"stat.mineBlock.minecraft.fence":1,"stat.useItem.minecraft.wheat_seeds":17,"stat.pickup.backpack.backpack":11,"stat.useItem.minecraft.beef":7,"stat.deaths":30,"stat.pickup.minecraft.bowl":1,"stat.pickup.minecraft.egg":82,"stat.craftItem.minecraft.item_frame":1,"stat.craftItem.minecraft.wooden_shovel":4,"stat.craftItem.minecraft.iron_pickaxe":10,"stat.pickup.minecraft.glass_pane":26,"stat.craftItem.galacticraftcore.aluminum_wire":50,"stat.pickup.minecraft.item_frame":49,"stat.drop.minecraft.glass_bottle":1,"stat.craftItem.minecraft.repeater":1,"stat.mineBlock.minecraft.tallgrass":1218,"stat.craftItem.minecraft.cooked_mutton":19,"stat.fishCaught":7,"stat.pickup.minecraft.cooked_mutton":12,"stat.chestOpened":594,"stat.killEntity.betteranimalsplus.goose":9,"stat.useItem.minecraft.stone":136,"stat.pickup.minecraft.arrow":68,"stat.pickup.minecraft.iron_sword":20,"stat.craftItem.minecraft.coal":36,"stat.drop.minecraft.iron_pickaxe":1,"stat.pickup.minecraft.carrot":124,"stat.drop.minecraft.stone_sword":3,"stat.crouchOneCm":111928,"stat.craftItem.minecraft.iron_ingot":86,"stat.craftingTableInteraction":106,"stat.pickup.minecraft.wooden_pickaxe":3,"stat.mineBlock.minecraft.log2":753,"stat.useItem.minecraft.dark_oak_fence":243,"stat.craftItem.minecraft.wooden_sword":1,"stat.pickup.minecraft.dye":78,"stat.pickup.minecraft.planks":984,"stat.pickup.minecraft.wheat_seeds":486,"stat.mineBlock.minecraft.glass":1,"stat.mineBlock.minecraft.dirt":7977,"stat.drop.minecraft.rotten_flesh":13,"stat.useItem.minecraft.cobblestone":263,"stat.mineBlock.minecraft.double_plant":42,"stat.drop.minecraft.glass_pane":1,"stat.pickup.minecraft.iron_pickaxe":18,"stat.drop.minecraft.carrot":1,"stat.pickup.minecraft.chicken":37,"stat.pickup.minecraft.apple":2,"stat.useItem.minecraft.glass_pane":180,"stat.useItem.betteranimalsplus.pheasantcooked":4,"stat.craftItem.minecraft.planks":2846,"stat.useItem.minecraft.iron_sword":917,"stat.pickup.minecraft.stone_sword":24,"stat.useItem.minecraft.stonebrick":1224,"stat.mineBlock.minecraft.log":23,"stat.pickup.minecraft.red_flower":71,"stat.pickup.minecraft.wool":101,"stat.useItem.minecraft.iron_axe":753,"stat.drop.minecraft.stone_shovel":1,"stat.mineBlock.minecraft.pumpkin":9,"stat.mineBlock.minecraft.cobblestone":101,"stat.pickup.minecraft.stone_pickaxe":44,"stat.pickup.minecraft.flint":16,"stat.mineBlock.minecraft.yellow_flower":3,"stat.entityKilledBy.Witch":2,"stat.pickup.minecraft.glowstone":1,"stat.pickup.minecraft.cooked_porkchop":66,"stat.pickup.betteranimalsplus.crab_meat_cooked":2,"stat.craftItem.minecraft.arrow":32,"stat.useItem.minecraft.stone_slab2":262,"stat.pickup.minecraft.bow":11,"stat.drop.galacticraftcore.machine2":1,"stat.pickup.minecraft.iron_boots":11,"stat.craftItem.minecraft.furnace":7,"stat.craftItem.minecraft.iron_boots":2,"stat.craftItem.minecraft.cooked_beef":96,"stat.mineBlock.minecraft.obsidian":1,"stat.pickup.minecraft.shears":1,"stat.craftItem.galacticraftcore.refinery":1,"stat.mineBlock.minecraft.clay":26,"stat.pickup.minecraft.diamond_leggings":1,"stat.flyOneCm":1303360,"stat.pickup.minecraft.fish":9,"stat.killEntity.betteranimalsplus.deer":1,"stat.timeSinceDeath":415602,"stat.drop.minecraft.spider_eye":1,"stat.useItem.minecraft.wooden_slab":717,"stat.craftItem.minecraft.iron_block":24,"stat.killEntity.Bat":1,"stat.craftItem.minecraft.stonebrick":1940,"stat.pickup.minecraft.nether_wart":10,"stat.mineBlock.minecraft.coal_ore":943,"stat.killEntity.Creeper":2,"stat.craftItem.minecraft.stone_hoe":3,"stat.pickup.minecraft.wooden_sword":7,"stat.mineBlock.minecraft.red_mushroom_block":3,"stat.pickup.minecraft.string":63,"stat.entityKilledBy.Skeleton":8,"stat.drop.betteranimalsplus.venisoncooked":1,"stat.killEntity.Squid":1,"stat.sprintOneCm":2746276,"stat.useItem.minecraft.diamond_shovel":3,"stat.mineBlock.minecraft.diamond_ore":19,"stat.pickup.betteranimalsplus.venisoncooked":2,"stat.craftItem.galacticraftcore.canister":2,"stat.useItem.minecraft.wooden_sword":19,"stat.craftItem.backpack.backpack_piece":3,"stat.killEntity.Zombie":105,"stat.craftItem.minecraft.dye":9,"stat.mineBlock.minecraft.gold_ore":49,"stat.diveOneCm":263562,"stat.drop.minecraft.diamond_pickaxe":2,"stat.pickup.minecraft.wheat":91,"stat.drop.minecraft.dark_oak_fence":20,"stat.craftItem.minecraft.cooked_porkchop":49,"stat.useItem.minecraft.chicken":2,"stat.pickup.minecraft.stone_axe":1,"stat.pickup.minecraft.obsidian":1,"stat.jump":14318,"stat.useItem.minecraft.sand":13,"stat.pickup.minecraft.coal":1177,"stat.pickup.minecraft.iron_ingot":132,"stat.craftItem.minecraft.lever":1,"stat.pickup.minecraft.gunpowder":1,"stat.craftItem.minecraft.torch":548,"stat.pickup.minecraft.dirt":14995,"stat.useItem.minecraft.glass":19,"stat.pickup.minecraft.stone_shovel":28,"stat.pickup.minecraft.gold_ore":82,"stat.mineBlock.minecraft.lapis_ore":12,"stat.pickup.minecraft.iron_axe":3,"stat.mineBlock.minecraft.glass_pane":10,"stat.damageTaken":22858,"stat.mineBlock.minecraft.red_flower":12,"stat.mineBlock.minecraft.torch":137,"stat.craftItem.betteranimalsplus.pheasantcooked":4,"stat.pickup.minecraft.log2":893,"stat.craftItem.minecraft.glowstone":36,"stat.pickup.minecraft.bed":15,"stat.pickup.minecraft.potato":39,"stat.entityKilledBy.Zombie":8,"stat.pickup.minecraft.diamond_axe":1,"stat.animalsBred":49,"stat.pickup.minecraft.diamond_pickaxe":3,"stat.useItem.minecraft.item_frame":2,"stat.craftItem.minecraft.iron_chestplate":2,"stat.pickup.minecraft.baked_potato":92,"stat.drop.minecraft.wooden_slab":1,"stat.pickup.minecraft.cooked_beef":240,"stat.useItem.minecraft.netherrack":1,"stat.mineBlock.minecraft.stonebrick":9,"stat.pickup.minecraft.dark_oak_stairs":52,"stat.mineBlock.minecraft.glowstone":56,"stat.killEntity.betteranimalsplus.lamprey":7,"stat.mobKills":440,"stat.pickup.minecraft.diamond_boots":1,"stat.useItem.minecraft.boat":7,"stat.pickup.minecraft.diamond":22,"stat.pickup.minecraft.beetroot_seeds":1,"stat.pickup.minecraft.torch":762,"stat.drop.minecraft.stone_axe":1,"stat.pickup.betteranimalsplus.antler":2,"stat.useItem.betteranimalsplus.venisoncooked":1,"stat.killEntity.Blaze":3,"stat.pickup.minecraft.fishing_rod":1,"stat.useItem.minecraft.planks":40,"stat.pickup.minecraft.glowstone_dust":147,"stat.drop.minecraft.bowl":1,"stat.pickup.minecraft.porkchop":153,"stat.pickup.minecraft.glass":47,"stat.mineBlock.minecraft.red_mushroom":1,"stat.useItem.minecraft.water_bucket":60,"stat.craftItem.betteranimalsplus.turkey_cooked":1,"stat.pickup.minecraft.sand":694,"stat.craftItem.minecraft.dark_oak_fence":264,"stat.entityKilledBy.Spider":3,"stat.craftItem.minecraft.stone_sword":6,"stat.mineBlock.minecraft.sand":569,"stat.pickup.betteranimalsplus.eel_meat_raw":31,"stat.craftItem.backpack.stick":12,"stat.craftItem.minecraft.cooked_fish":2,"stat.mineBlock.minecraft.dark_oak_stairs":2,"stat.useItem.minecraft.dark_oak_stairs":11,"stat.useItem.minecraft.cooked_mutton":32,"stat.pickup.minecraft.iron_chestplate":9,"stat.pickup.minecraft.pumpkin_seeds":12,"stat.pickup.minecraft.golden_carrot":14,"stat.entityKilledBy.betteranimalsplus.boar":3,"stat.killEntity.betteranimalsplus.songbird":2,"stat.playOneMinute":2405254,"stat.pickup.minecraft.blaze_rod":2,"stat.pickup.minecraft.diamond_block":1,"stat.mineBlock.minecraft.brown_mushroom_block":2,"stat.drop.minecraft.chest":2,"stat.pickup.minecraft.netherrack":11,"stat.pickup.minecraft.pumpkin":31,"stat.useItem.minecraft.fish":1,"stat.mineBlock.minecraft.dark_oak_fence":7,"stat.mineBlock.minecraft.netherrack":8,"stat.pickup.minecraft.waterlily":7,"stat.craftItem.minecraft.dark_oak_stairs":64,"stat.pickup.betteranimalsplus.venisonraw":2,"stat.pickup.minecraft.cooked_chicken":3,"stat.fallOneCm":175592,"stat.drop.minecraft.stone":3,"stat.craftItem.minecraft.chest":6,"stat.pickup.minecraft.red_mushroom":1,"stat.mineBlock.betteranimalsplus.turkey_cooked":1,"stat.pickup.minecraft.feather":34,"stat.pickup.minecraft.iron_leggings":11,"stat.pickup.minecraft.lead":2,"stat.mineBlock.minecraft.gravel":267,"stat.useItem.minecraft.stone_pickaxe":5734,"stat.useItem.minecraft.stone_sword":592,"stat.craftItem.minecraft.iron_leggings":2,"stat.useItem.minecraft.torch":435,"stat.pickup.minecraft.golden_apple":1,"stat.pickup.minecraft.crafting_table":7,"stat.craftItem.minecraft.crafting_table":3,"stat.pickup.minecraft.iron_hoe":1,"stat.killEntity.LavaSlime":3,"stat.pickup.minecraft.log":29,"stat.craftItem.galacticraftcore.basic_block_core":45,"stat.mineBlock.galacticraftcore.basic_block_core":434,"stat.drop.minecraft.stonebrick":4,"stat.craftItem.minecraft.stone_button":2,"stat.drop.minecraft.planks":1,"stat.pickup.minecraft.sapling":33,"stat.entityKilledBy.Enderman":1,"stat.pickup.minecraft.beetroot":1,"stat.useItem.minecraft.beetroot_soup":2,"stat.pickup.minecraft.diamond_helmet":1,"stat.killEntity.WitherSkeleton":1,"stat.craftItem.minecraft.cooked_chicken":17,"stat.sneakTime":32886,"stat.drop.minecraft.bucket":1,"stat.useItem.minecraft.baked_potato":15,"stat.pickup.minecraft.yellow_flower":21,"stat.useItem.minecraft.fishing_rod":31,"stat.pickup.minecraft.chest":1,"stat.drop.minecraft.stone_pickaxe":1,"stat.pickup.minecraft.bone":83,"stat.pickup.minecraft.redstone_torch":2,"stat.pickup.minecraft.beetroot_soup":7,"stat.mineBlock.minecraft.brown_mushroom":3,"stat.useItem.minecraft.diamond_sword":23,"stat.useItem.galacticraftcore.aluminum_wire":15,"stat.swimOneCm":355762,"stat.climbOneCm":8243,"stat.craftItem.galacticraftcore.machine2":1,"stat.useItem.minecraft.dirt":3132,"stat.killEntity.betteranimalsplus.boar":15,"stat.pickup.minecraft.anvil":1,"stat.craftItem.minecraft.stone_pickaxe":29,"stat.killEntity.betteranimalsplus.crab":5,"stat.pickup.minecraft.cobblestone":5518,"stat.useItem.minecraft.stone_shovel":5037,"stat.pickup.minecraft.glass_bottle":1,"stat.useItem.minecraft.cooked_beef":110,"stat.craftItem.minecraft.wooden_slab":636,"stat.pickup.minecraft.redstone":705,"stat.mineBlock.minecraft.iron_ore":291,"stat.pickup.minecraft.mutton":84,"stat.pickup.minecraft.dark_oak_door":4,"stat.pickup.minecraft.stonebrick":1164,"stat.pickup.galacticraftcore.basic_block_core":666,"stat.drop.minecraft.dirt":28,"stat.pickup.minecraft.iron_shovel":20,"stat.useItem.minecraft.cooked_porkchop":12,"stat.drop.minecraft.beetroot_seeds":1,"stat.pickup.minecraft.diamond_shovel":1,"stat.killEntity.betteranimalsplus.turkey":3,"stat.craftItem.minecraft.stone_slab2":0,"stat.craftItem.minecraft.stick":592,"stat.craftItem.minecraft.stone":1697,"stat.mineBlock.minecraft.crafting_table":3,"stat.useItem.minecraft.diamond_pickaxe":31,"stat.useItem.minecraft.carrot":104,"stat.useItem.minecraft.wooden_shovel":170,"stat.pickup.minecraft.diamond_chestplate":1,"stat.entityKilledBy.Creeper":1,"stat.mineBlock.minecraft.planks":17,"stat.drop":122,"stat.killEntity.Sheep":47,"stat.craftItem.galacticraftcore.machine":2,"stat.craftItem.backpack.backpack":1,"stat.craftItem.backpack.backpack_frame":3,"stat.pickup.minecraft.gravel":257,"stat.drop.minecraft.cooked_beef":24,"stat.useItem.minecraft.diamond_axe":3,"stat.useItem.minecraft.apple":2,"stat.useItem.minecraft.potion":1,"stat.pickup.minecraft.diamond_sword":1,"stat.pickup.minecraft.fence":1,"stat.pickup.minecraft.iron_helmet":6,"stat.useItem.minecraft.stone_axe":11,"stat.pickup.minecraft.spider_eye":15,"stat.craftItem.minecraft.iron_helmet":2,"stat.drop.minecraft.bed":3,"stat.useItem.minecraft.cooked_chicken":24,"stat.pickup.minecraft.iron_ore":354,"stat.boatOneCm":236518,"stat.mineBlock.minecraft.leaves2":77,"stat.pickup.minecraft.leather":208,"stat.pickup.minecraft.dark_oak_fence":359,"stat.useItem.minecraft.wooden_pickaxe":60,"stat.drop.minecraft.water_bucket":1,"stat.pickup.minecraft.reeds":24,"stat.pickup.minecraft.oak_stairs":2,"stat.damageDealt":59086,"stat.craftItem.minecraft.glass":324,"stat.sleepInBed":48,"stat.craftItem.minecraft.baked_potato":423,"stat.killEntity.Cow":123,"stat.killEntity.Pig":25,"stat.craftItem.minecraft.iron_sword":7,"stat.craftItem.minecraft.stone_shovel":39,"stat.pickup.minecraft.boat":8,"stat.walkOneCm":7923046,"stat.pickup.minecraft.stick":235,"stat.pickup.minecraft.clay_ball":260,"stat.craftItem.galacticraftcore.solar":1,"stat.pickup.betteranimalsplus.golden_goose_egg":1,"stat.pickup.galacticraftcore.basic_item":69,"stat.pickup.minecraft.stone":884,"stat.killEntity.Skeleton":33,"stat.killEntity.Chicken":19,"stat.killEntity.Spider":24,"stat.useItem.minecraft.golden_apple":1,"stat.pickup.minecraft.water_bucket":8,"stat.mineBlock.minecraft.leaves":44,"stat.mineBlock.minecraft.redstone_ore":160,"stat.craftItem.minecraft.coal_block":19,"stat.craftItem.galacticraftcore.basic_item":219,"stat.mineBlock.minecraft.stone":6026}