{"stat.useItem.minecraft.bow":68,"stat.useItem.minecraft.painting":89,"stat.pickup.minecraft.wooden_slab":487,"stat.leaveGame":47,"stat.drop.minecraft.gunpowder":1,"stat.killEntity.betteranimalsplus.goat":9,"stat.pickup.betteranimalsplus.goose_egg":6,"stat.pickup.minecraft.dark_oak_boat":1,"stat.useItem.minecraft.glowstone":27,"stat.drop.minecraft.feather":6,"stat.drop.minecraft.iron_sword":3,"stat.pickup.minecraft.rotten_flesh":259,"stat.mineBlock.galacticraftcore.aluminum_wire":24,"stat.craftItem.minecraft.stone_axe":3,"stat.pickup.minecraft.bucket":1,"stat.killEntity.Enderman":3,"stat.mineBlock.minecraft.wooden_slab":297,"stat.pickup.betteranimalsplus.turkey_leg_raw":2,"stat.craftItem.minecraft.iron_shovel":35,"stat.pickup.minecraft.brown_mushroom":8,"stat.killEntity.Witch":2,"stat.useItem.minecraft.iron_pickaxe":2139,"stat.craftItem.minecraft.wooden_pickaxe":2,"stat.craftItem.minecraft.iron_door":3,"stat.useItem.minecraft.iron_shovel":5171,"stat.pickup.minecraft.double_plant":23,"stat.useItem.betteranimalsplus.crab_meat_cooked":1,"stat.craftItem.minecraft.bed":1,"stat.pickup.minecraft.wooden_shovel":8,"stat.furnaceInteraction":644,"stat.useItem.minecraft.golden_carrot":56,"stat.useItem.minecraft.pumpkin_seeds":53,"stat.killEntity.ZombieVillager":8,"stat.pickup.minecraft.nether_brick":18,"stat.drop.minecraft.red_flower":4,"stat.pickup.minecraft.beef":131,"stat.useItem.minecraft.dark_oak_door":8,"stat.useItem.minecraft.flint_and_steel":58,"stat.useItem.minecraft.wheat_seeds":406,"stat.mineBlock.minecraft.dark_oak_fence_gate":8,"stat.pickup.backpack.backpack":9,"stat.useItem.minecraft.dye":44,"stat.craftItem.minecraft.dark_oak_boat":1,"stat.pickup.minecraft.lever":6,"stat.deaths":19,"stat.pickup.minecraft.bowl":2,"stat.pickup.minecraft.egg":23,"stat.craftItem.minecraft.item_frame":79,"stat.useItem.minecraft.nether_brick":9,"stat.craftItem.minecraft.iron_pickaxe":11,"stat.pickup.minecraft.glass_pane":186,"stat.pickup.minecraft.item_frame":19,"stat.craftItem.minecraft.repeater":4,"stat.mineBlock.minecraft.tallgrass":864,"stat.craftItem.minecraft.cooked_mutton":84,"stat.fishCaught":5,"stat.pickup.minecraft.cooked_mutton":20,"stat.chestOpened":1003,"stat.killEntity.betteranimalsplus.goose":10,"stat.useItem.minecraft.stone":350,"stat.pickup.minecraft.arrow":99,"stat.pickup.minecraft.iron_sword":10,"stat.pickup.minecraft.wooden_pressure_plate":4,"stat.craftItem.betteranimalsplus.fried_egg":10,"stat.pickup.minecraft.gold_nugget":1,"stat.pickup.galacticraftcore.machine":13,"stat.craftItem.minecraft.coal":405,"stat.drop.minecraft.iron_pickaxe":2,"stat.pickup.minecraft.carrot":2577,"stat.crouchOneCm":110859,"stat.mineBlock.minecraft.chest":14,"stat.craftItem.minecraft.diamond":9,"stat.craftItem.minecraft.iron_ingot":708,"stat.pickup.minecraft.painting":107,"stat.craftingTableInteraction":227,"stat.mineBlock.minecraft.wooden_pressure_plate":4,"stat.pickup.minecraft.nether_brick_fence":5,"stat.pickup.minecraft.wooden_pickaxe":10,"stat.drop.minecraft.double_plant":5,"stat.mineBlock.minecraft.log2":1038,"stat.useItem.minecraft.dark_oak_fence":219,"stat.useItem.minecraft.reeds":141,"stat.pickup.minecraft.dye":78,"stat.pickup.minecraft.planks":1512,"stat.craftItem.minecraft.diamond_shovel":2,"stat.pickup.minecraft.wheat_seeds":943,"stat.mineBlock.minecraft.glass":1,"stat.mineBlock.minecraft.dirt":5944,"stat.pickup.minecraft.poisonous_potato":7,"stat.useItem.minecraft.bread":4,"stat.pickup.galacticraftcore.refinery":5,"stat.pickup.betteranimalsplus.boarhead_2":1,"stat.drop.minecraft.rotten_flesh":14,"stat.useItem.minecraft.cobblestone":533,"stat.pickup.galacticraftcore.aluminum_wire":35,"stat.mineBlock.minecraft.double_plant":21,"stat.pickup.minecraft.iron_pickaxe":11,"stat.drop.minecraft.carrot":4,"stat.useItem.minecraft.yellow_flower":8,"stat.craftItem.minecraft.gold_ingot":105,"stat.pickup.minecraft.chicken":28,"stat.pickup.minecraft.apple":7,"stat.useItem.minecraft.glass_pane":178,"stat.craftItem.minecraft.bucket":15,"stat.craftItem.minecraft.planks":2536,"stat.useItem.minecraft.iron_sword":1232,"stat.pickup.minecraft.stone_sword":6,"stat.craftItem.minecraft.fishing_rod":2,"stat.useItem.minecraft.stonebrick":1394,"stat.mineBlock.minecraft.log":95,"stat.mineBlock.minecraft.waterlily":1,"stat.craftItem.betteranimalsplus.crab_meat_cooked":3,"stat.craftItem.minecraft.paper":3,"stat.pickup.minecraft.red_flower":55,"stat.pickup.galacticraftcore.machine_tiered":2,"stat.pickup.minecraft.wool":25,"stat.killEntity.betteranimalsplus.badger":1,"stat.craftItem.minecraft.diamond_leggings":2,"stat.useItem.minecraft.iron_axe":1240,"stat.drop.minecraft.stone_shovel":1,"stat.mineBlock.minecraft.pumpkin":176,"stat.mineBlock.minecraft.cobblestone":242,"stat.pickup.minecraft.stone_pickaxe":25,"stat.pickup.minecraft.flint":5,"stat.mineBlock.minecraft.yellow_flower":12,"stat.drop.minecraft.cobblestone":23,"stat.craftItem.minecraft.arrow":8,"stat.useItem.minecraft.obsidian":12,"stat.useItem.minecraft.stone_slab2":468,"stat.pickup.minecraft.bow":12,"stat.pickup.minecraft.iron_boots":5,"stat.craftItem.minecraft.dark_oak_door":15,"stat.craftItem.minecraft.beetroot_soup":10,"stat.pickup.minecraft.stone_hoe":5,"stat.craftItem.minecraft.furnace":21,"stat.craftItem.minecraft.lapis_block":14,"stat.useItem.minecraft.egg":12,"stat.craftItem.minecraft.iron_boots":3,"stat.craftItem.minecraft.cooked_beef":213,"stat.mineBlock.minecraft.obsidian":25,"stat.craftItem.minecraft.bow":1,"stat.flyOneCm":2577714,"stat.pickup.minecraft.fish":3,"stat.killEntity.betteranimalsplus.deer":3,"stat.pickup.galacticraftcore.solar":1,"stat.timeSinceDeath":460159,"stat.craftItem.galacticraftcore.machine_tiered":1,"stat.craftItem.minecraft.painting":5,"stat.drop.minecraft.spider_eye":1,"stat.useItem.minecraft.wooden_slab":2472,"stat.useItem.minecraft.iron_door":2,"stat.craftItem.minecraft.iron_block":6,"stat.craftItem.minecraft.stonebrick":1152,"stat.useItem.minecraft.potato":1182,"stat.pickup.minecraft.nether_wart":10,"stat.mineBlock.minecraft.enchanting_table":2,"stat.mineBlock.minecraft.coal_ore":575,"stat.killEntity.Creeper":18,"stat.talkedToVillager":6,"stat.pickup.minecraft.wooden_sword":9,"stat.pickup.minecraft.string":92,"stat.entityKilledBy.Skeleton":6,"stat.drop.betteranimalsplus.venisoncooked":2,"stat.killEntity.Squid":1,"stat.sprintOneCm":6191177,"stat.useItem.minecraft.diamond_block":1,"stat.useItem.minecraft.diamond_shovel":80,"stat.killEntity.betteranimalsplus.pheasant":3,"stat.drop.minecraft.leather":1,"stat.mineBlock.minecraft.diamond_ore":82,"stat.craftItem.minecraft.wooden_pressure_plate":10,"stat.pickup.betteranimalsplus.venisoncooked":1,"stat.useItem.betteranimalsplus.venisonraw":1,"stat.useItem.minecraft.wooden_sword":59,"stat.craftItem.backpack.backpack_piece":3,"stat.killEntity.Zombie":138,"stat.craftItem.minecraft.dye":45,"stat.craftItem.minecraft.diamond_axe":2,"stat.mineBlock.minecraft.gold_ore":55,"stat.diveOneCm":132093,"stat.drop.minecraft.diamond_pickaxe":2,"stat.pickup.minecraft.wheat":316,"stat.craftItem.minecraft.cooked_porkchop":71,"stat.pickup.minecraft.stone_axe":2,"stat.pickup.minecraft.obsidian":27,"stat.mineBlock.galacticraftcore.machine":12,"stat.useItem.minecraft.rotten_flesh":1,"stat.craftItem.minecraft.diamond_sword":2,"stat.jump":15513,"stat.pickup.minecraft.coal":811,"stat.pickup.minecraft.iron_ingot":49,"stat.useItem.minecraft.dark_oak_boat":1,"stat.craftItem.minecraft.lever":8,"stat.drop.minecraft.diamond_sword":1,"stat.pickup.minecraft.gunpowder":16,"stat.craftItem.minecraft.torch":448,"stat.pickup.minecraft.dirt":10574,"stat.drop.minecraft.iron_shovel":4,"stat.drop.minecraft.glowstone":1,"stat.useItem.minecraft.glass":43,"stat.pickup.minecraft.stone_shovel":7,"stat.pickup.minecraft.gold_ore":67,"stat.mineBlock.minecraft.lapis_ore":15,"stat.pickup.minecraft.iron_axe":2,"stat.mineBlock.minecraft.glass_pane":47,"stat.damageTaken":25664,"stat.useItem.minecraft.stone_brick_stairs":36,"stat.useItem.betteranimalsplus.eel_meat_cooked":2,"stat.mineBlock.minecraft.torch":316,"stat.mineBlock.minecraft.red_flower":27,"stat.pickup.minecraft.magma_cream":2,"stat.pickup.minecraft.log2":1218,"stat.craftItem.minecraft.glowstone":50,"stat.pickup.minecraft.bed":21,"stat.pickup.minecraft.potato":2372,"stat.entityKilledBy.Zombie":9,"stat.drop.betteranimalsplus.crab_meat_cooked":2,"stat.craftItem.minecraft.stone_slab":12,"stat.animalsBred":31,"stat.useItem.minecraft.chest":68,"stat.drop.minecraft.wheat":1,"stat.pickup.minecraft.diamond_pickaxe":2,"stat.killEntity.betteranimalsplus.feralwolf":1,"stat.useItem.minecraft.lava_bucket":2,"stat.useItem.minecraft.item_frame":75,"stat.craftItem.minecraft.iron_chestplate":4,"stat.craftItem.galacticraftcore.battery":4,"stat.pickup.minecraft.ender_pearl":2,"stat.useItem.minecraft.redstone_ore":3,"stat.pickup.minecraft.cooked_beef":188,"stat.useItem.minecraft.netherrack":2,"stat.mineBlock.minecraft.stonebrick":138,"stat.pickup.minecraft.dark_oak_stairs":138,"stat.mineBlock.minecraft.glowstone":79,"stat.mobKills":504,"stat.craftItem.minecraft.shears":1,"stat.useItem.minecraft.boat":3,"stat.craftItem.minecraft.lead":2,"stat.pickup.minecraft.diamond":91,"stat.pickup.minecraft.beetroot_seeds":563,"stat.craftItem.betteranimalsplus.turkey_leg_cooked":7,"stat.pickup.minecraft.torch":981,"stat.drop.minecraft.stone_axe":1,"stat.drop.minecraft.arrow":4,"stat.pickup.minecraft.dark_oak_fence_gate":8,"stat.craftItem.betteranimalsplus.venisoncooked":5,"stat.drop.minecraft.waterlily":1,"stat.pickup.betteranimalsplus.antler":2,"stat.useItem.betteranimalsplus.venisoncooked":4,"stat.craftItem.minecraft.iron_axe":8,"stat.killEntity.Blaze":19,"stat.useItem.minecraft.planks":1561,"stat.craftItem.betteranimalsplus.eel_meat_cooked":15,"stat.pickup.minecraft.glowstone_dust":214,"stat.pickup.minecraft.porkchop":70,"stat.pickup.minecraft.glass":90,"stat.pickup.betteranimalsplus.wolf_pelt_snowy":2,"stat.useItem.minecraft.water_bucket":183,"stat.mineBlock.minecraft.stone_brick_stairs":1,"stat.drop.minecraft.poisonous_potato":4,"stat.mineBlock.minecraft.nether_brick_fence":5,"stat.pickup.minecraft.sand":276,"stat.craftItem.minecraft.dark_oak_fence":282,"stat.entityKilledBy.Spider":2,"stat.craftItem.minecraft.lit_pumpkin":1,"stat.mineBlock.minecraft.sand":94,"stat.pickup.betteranimalsplus.eel_meat_raw":4,"stat.craftItem.backpack.stick":20,"stat.craftItem.minecraft.cooked_fish":2,"stat.useItem.minecraft.fence_gate":1,"stat.useItem.minecraft.oak_stairs":3,"stat.craftItem.minecraft.golden_carrot":111,"stat.drop.minecraft.diamond_block":1,"stat.mineBlock.minecraft.dark_oak_stairs":36,"stat.craftItem.minecraft.pumpkin_seeds":56,"stat.useItem.minecraft.dark_oak_stairs":107,"stat.pickup.minecraft.furnace":9,"stat.useItem.minecraft.cooked_mutton":58,"stat.useItem.minecraft.redstone":12,"stat.drop.minecraft.fishing_rod":1,"stat.pickup.minecraft.iron_chestplate":4,"stat.useItem.minecraft.stone_stairs":8,"stat.mineBlock.galacticraftcore.refinery":5,"stat.pickup.minecraft.stone_stairs":1,"stat.craftItem.minecraft.fence_gate":2,"stat.pickup.minecraft.pumpkin_seeds":36,"stat.pickup.minecraft.golden_carrot":16,"stat.mineBlock.minecraft.soul_sand":76,"stat.mineBlock.minecraft.oak_stairs":2,"stat.killEntity.betteranimalsplus.songbird":1,"stat.drop.minecraft.golden_carrot":14,"stat.playOneMinute":2405048,"stat.pickup.minecraft.blaze_rod":8,"stat.drop.minecraft.string":5,"stat.craftItem.minecraft.diamond_block":2,"stat.pickup.minecraft.diamond_block":2,"stat.pickup.minecraft.netherrack":58,"stat.pickup.minecraft.pumpkin":197,"stat.pickup.galacticraftcore.machine2":11,"stat.mineBlock.minecraft.dark_oak_fence":54,"stat.mineBlock.minecraft.netherrack":63,"stat.pickup.minecraft.waterlily":2,"stat.craftItem.minecraft.dark_oak_stairs":24,"stat.pickup.betteranimalsplus.venisonraw":4,"stat.craftItem.minecraft.iron_hoe":2,"stat.craftItem.minecraft.iron_nugget":11,"stat.fallOneCm":191494,"stat.craftItem.minecraft.chest":60,"stat.useItem.minecraft.nether_brick_fence":2,"stat.mineBlock.minecraft.lever":5,"stat.useItem.minecraft.iron_hoe":500,"stat.pickup.minecraft.feather":26,"stat.drop.minecraft.iron_leggings":2,"stat.drop.minecraft.bone":15,"stat.useItem.minecraft.furnace":9,"stat.pickup.minecraft.iron_leggings":6,"stat.craftItem.minecraft.dark_oak_fence_gate":6,"stat.pickup.minecraft.lead":8,"stat.mineBlock.minecraft.gravel":68,"stat.useItem.minecraft.stone_pickaxe":3274,"stat.useItem.minecraft.stone_sword":118,"stat.craftItem.minecraft.iron_leggings":4,"stat.craftItem.minecraft.oak_stairs":4,"stat.drop.minecraft.iron_axe":2,"stat.useItem.minecraft.torch":788,"stat.craftItem.minecraft.stone_stairs":12,"stat.pickup.minecraft.crafting_table":20,"stat.craftItem.minecraft.crafting_table":5,"stat.craftItem.minecraft.boat":1,"stat.pickup.minecraft.iron_hoe":2,"stat.killEntity.LavaSlime":23,"stat.pickup.minecraft.log":92,"stat.craftItem.galacticraftcore.basic_block_core":28,"stat.useItem.minecraft.cooked_fish":2,"stat.mineBlock.galacticraftcore.basic_block_core":277,"stat.craftItem.minecraft.stone_button":2,"stat.drop.backpack.backpack":2,"stat.pickup.minecraft.sapling":32,"stat.entityKilledBy.Enderman":1,"stat.drop.minecraft.bow":1,"stat.pickup.minecraft.beetroot":277,"stat.useItem.minecraft.beetroot_soup":3,"stat.mineBlock.galacticraftcore.solar":1,"stat.killEntity.WitherSkeleton":5,"stat.useItem.minecraft.wooden_pressure_plate":10,"stat.craftItem.minecraft.cooked_chicken":23,"stat.useItem.minecraft.stone_hoe":188,"stat.useItem.minecraft.beetroot_seeds":359,"stat.sneakTime":35802,"stat.drop.minecraft.bucket":4,"stat.useItem.minecraft.baked_potato":1,"stat.drop.minecraft.yellow_flower":1,"stat.pickup.minecraft.yellow_flower":22,"stat.useItem.minecraft.fishing_rod":35,"stat.useItem.minecraft.beetroot":1,"stat.pickup.minecraft.chest":17,"stat.craftItem.minecraft.enchanting_table":1,"stat.craftItem.minecraft.diamond_chestplate":2,"stat.pickup.minecraft.bone":83,"stat.pickup.minecraft.lit_pumpkin":2,"stat.useItem.minecraft.repeater":3,"stat.useItem.betteranimalsplus.turkey_leg_cooked":7,"stat.craftItem.minecraft.stone_brick_stairs":60,"stat.pickup.minecraft.beetroot_soup":11,"stat.mineBlock.minecraft.brown_mushroom":8,"stat.useItem.minecraft.diamond_sword":207,"stat.craftItem.minecraft.diamond_helmet":2,"stat.useItem.galacticraftcore.aluminum_wire":28,"stat.swimOneCm":214050,"stat.mineBlock.minecraft.diamond_block":2,"stat.climbOneCm":211,"stat.useItem.minecraft.dirt":1559,"stat.killEntity.betteranimalsplus.boar":23,"stat.useItem.minecraft.red_flower":9,"stat.useItem.galacticraftcore.bucket_fuel":2,"stat.pickup.minecraft.enchanting_table":2,"stat.craftItem.minecraft.stone_pickaxe":46,"stat.pickup.betteranimalsplus.turkey_raw":1,"stat.pickup.minecraft.cobblestone":7004,"stat.useItem.minecraft.stone_shovel":1588,"stat.pickup.minecraft.glass_bottle":1,"stat.pickup.minecraft.soul_sand":76,"stat.drop.minecraft.wheat_seeds":2,"stat.useItem.minecraft.cooked_beef":188,"stat.craftItem.minecraft.wooden_slab":2394,"stat.pickup.minecraft.redstone":701,"stat.mineBlock.minecraft.iron_ore":412,"stat.craftItem.minecraft.book":1,"stat.pickup.minecraft.mutton":38,"stat.useItem.minecraft.lever":9,"stat.pickup.minecraft.stonebrick":967,"stat.drop.minecraft.dirt":14,"stat.pickup.galacticraftcore.basic_block_core":380,"stat.useItem.minecraft.cooked_porkchop":14,"stat.pickup.minecraft.iron_shovel":6,"stat.mineBlock.minecraft.nether_brick":33,"stat.killEntity.betteranimalsplus.turkey":2,"stat.craftItem.minecraft.stone_slab2":0,"stat.craftItem.minecraft.stick":1378,"stat.drop.minecraft.potion":1,"stat.useItem.minecraft.stone_slab":6,"stat.craftItem.minecraft.stone":2230,"stat.craftItem.minecraft.gold_nugget":890,"stat.pickup.minecraft.grass":1,"stat.mineBlock.minecraft.crafting_table":17,"stat.useItem.minecraft.diamond_pickaxe":1455,"stat.useItem.minecraft.carrot":1088,"stat.useItem.minecraft.wooden_shovel":19,"stat.drop.minecraft.golden_apple":1,"stat.mineBlock.minecraft.planks":426,"stat.drop":164,"stat.killEntity.Sheep":9,"stat.pickup.minecraft.slime_ball":2,"stat.craftItem.minecraft.diamond_pickaxe":3,"stat.craftItem.backpack.backpack":3,"stat.craftItem.backpack.backpack_frame":5,"stat.pickup.minecraft.gravel":115,"stat.drop.minecraft.cooked_beef":12,"stat.useItem.minecraft.glass_bottle":1,"stat.mineBlock.galacticraftcore.machine_tiered":2,"stat.killEntity.Slime":1,"stat.useItem.minecraft.diamond_axe":2,"stat.pickup.minecraft.stone_brick_stairs":1,"stat.pickup.minecraft.diamond_sword":1,"stat.pickup.minecraft.iron_helmet":6,"stat.useItem.minecraft.stone_axe":766,"stat.pickup.minecraft.spider_eye":19,"stat.craftItem.minecraft.iron_helmet":5,"stat.useItem.minecraft.stone_button":1,"stat.useItem.minecraft.cooked_chicken":5,"stat.pickup.minecraft.iron_ore":483,"stat.boatOneCm":258223,"stat.craftItem.minecraft.flint_and_steel":1,"stat.mineBlock.minecraft.leaves2":13,"stat.mineBlock.minecraft.stone_stairs":1,"stat.pickup.minecraft.leather":215,"stat.drop.minecraft.iron_hoe":2,"stat.mineBlock.minecraft.furnace":8,"stat.useItem.minecraft.wooden_pickaxe":51,"stat.pickup.minecraft.dark_oak_fence":227,"stat.drop.minecraft.water_bucket":3,"stat.pickup.minecraft.reeds":161,"stat.pickup.minecraft.oak_stairs":2,"stat.damageDealt":74381,"stat.drop.minecraft.cooked_chicken":2,"stat.sleepInBed":55,"stat.craftItem.minecraft.bowl":32,"stat.craftItem.minecraft.baked_potato":65,"stat.craftItem.minecraft.anvil":1,"stat.killEntity.Cow":59,"stat.useItem.minecraft.crafting_table":2,"stat.killEntity.Pig":8,"stat.craftItem.minecraft.iron_sword":5,"stat.craftItem.minecraft.stone_shovel":12,"stat.pickup.minecraft.boat":2,"stat.walkOneCm":8650799,"stat.pickup.minecraft.stick":101,"stat.pickup.minecraft.clay_ball":148,"stat.useItem.minecraft.dark_oak_fence_gate":9,"stat.useItem.galacticraftcore.basic_block_core":1,"stat.pickup.betteranimalsplus.golden_goose_egg":1,"stat.craftItem.minecraft.diamond_boots":2,"stat.pickup.galacticraftcore.basic_item":25,"stat.drop.minecraft.iron_chestplate":1,"stat.pickup.minecraft.stone":1020,"stat.pickup.betteranimalsplus.pheasantraw":4,"stat.killEntity.Skeleton":57,"stat.killEntity.Chicken":20,"stat.killEntity.Spider":62,"stat.mineBlock.minecraft.quartz_ore":12,"stat.mineBlock.galacticraftcore.machine2":10,"stat.pickup.minecraft.quartz":12,"stat.pickup.minecraft.water_bucket":4,"stat.mineBlock.minecraft.leaves":32,"stat.mineBlock.minecraft.redstone_ore":132,"stat.craftItem.minecraft.coal_block":30,"stat.craftItem.galacticraftcore.basic_item":717,"stat.mineBlock.minecraft.stone":4713}